,ASV,lfc_ancombc,se_ancombc,W_ancombc,pvalue_ancombc,qvalue_ancombc,diff_abn,mvar,basline,bas.count,smvar,smvar.count,ancom2.FDR,ancom2.P,Kingdom,Phylum,Class,Order,Family,Genus,Species
1,GGAATCTTCGGCAATGGACGGAAGTCTGACCGAGCAACGCCGCGTGAGTGAAGAAGGTTTTCGGATCGTAAAGCTCTGTTGTAAGAGAAGAACGAGTGTGAGAGTGGAAAGTTCACACTGTGACGGTATCTTACCAGAAAGGGACGGCTAACTACGTGCCAGCAGCCGCGGTAATACGTAGGTCCCGAGCGTTGTCCGGATTTATTGGGCGTAAAGCGAGCGCAGGCGGTTAGATAAGTCTGAAGTTAAAGGCTGTGGCTTAACCATAGTACGCTTTGGAAACTGTTTAACTTGAGTGCAAGAGGGGAGAGTGGAATTCCATGTGTAGCGGTGAAATGCGTAGATATATGGAGGAACACCGGTGGCGAAAGCGGCTCTCTGGCTTGTAACTGACGCTGAGGCTCGAAAGCGTGGGGAGCAAACA,-5.57870657207208,0.537511157935234,-10.3787735188639,3.09728572307732e-25,4.02647144000052e-24,TRUE,TreatmentGroup,Plaque,24,Stool,18,down,down,Bacteria,Firmicutes,Bacilli,Lactobacillales,Streptococcaceae,Streptococcus,Streptococcus NA
2,GGAATCTTCCGCAATGGACGCAAGTCTGACGGAGCAACGCCGCGTGAGTGAAGAAGGTTTTCGGATCGTAAAACTCTGTTGTTAGAGAAGAACAAGTGCTAGAGTAACTGTTAGCGCCTTGACGGTATCTAACCAGAAAGCCACGGCTAACTACGTGCCAGCAGCCGCGGTAATACGTAGGTGGCAAGCGTTGTCCGGATTTATTGGGCGTAAAGCGAGCGCAGGCGGTTCCTTAAGTCTGATGTGAAAGCCCCCGGCTCAACCGGGGAGGGTCATTGGAAACTGGGGAACTTGAGTGCAGAAGAGGAGAGTGGAATTCCATGTGTAGCGGTGAAATGCGTAGATATATGGAGGAACACCAGTGGCGAAGGCGACTCTCTGGTCTGTAACTGACGCTGAGGCTCGAAAGCGTGGGTAGCAAACA,-3.39886553301572,0.472026792509087,-7.20057756668609,5.99580369279023e-13,7.19496443134828e-12,TRUE,TreatmentGroup,Plaque,24,Stool,18,down,down,Bacteria,Firmicutes,Bacilli,Lactobacillales,Carnobacteriaceae,Granulicatella,Granulicatella NA
3,GGAATCTTCCGCAATGGGCGAAAGCCTGACGGAGCAACGCCGCGTGAGTGAAGAAGGATTTCGGTTCGTAAAGCTCTGTTGTTAGGGAAGAATGATTGTGTAGTAACTATACACAGTAGAGACGGTACCTAACCAGAAAGCCACGGCTAACTACGTGCCAGCAGCCGCGGTAATACGTAGGTGGCAAGCGTTGTCCGGAATTATTGGGCGTAAAGCGCGCGCAGGTGGTTTAATAAGTCTGATGTGAAAGCCCACGGCTCAACCGTGGAGGGTCATTGGAAACTGTTAAACTTGAGTGCAGGAGAGAAAAGTGGAATTCCTAGTGTAGCGGTGAAATGCGTAGAGATTAGGAGGAACACCAGTGGCGAAGGCGGCTTTTTGGCCTGTAACTGACACTGAGGCGCGAAAGCGTGGGGAGCAAACA,-3.83824279059026,0.548469073219464,-6.99810249657308,2.59452264420611e-12,2.85397490862672e-11,TRUE,TreatmentGroup,Plaque,24,Stool,18,down,down,Bacteria,Firmicutes,Bacilli,Staphylococcales,Gemellaceae,Gemella,Gemella NA
4,GGAATCTTCGGCAATGGGGGCAACCCTGACCGAGCAACGCCGCGTGAGTGAAGAAGGTTTTCGGATCGTAAAGCTCTGTTGTAAGTCAAGAACGAGTGTGAGAGTGGAAAGTTCACACTGTGACGGTAGCTTACCAGAAAGGGACGGCTAACTACGTGCCAGCAGCCGCGGTAATACGTAGGTCCCGAGCGTTGTCCGGATTTATTGGGCGTAAAGCGAGCGCAGGCGGTTTGATAAGTCTGAAGTTAAAGGCTGTGGCTCAACCATAGTTCGCTTTGGAAACTGTCAAACTTGAGTGCAGAAGGGGAGAGTGGAATTCCATGTGTAGCGGTGAAATGCGTAGATATATGGAGGAACACCGGTGGCGAAAGCGGCTCTCTGGTCTGTAACTGACGCTGAGGCTCGAAAGCGTGGGGAGCGAACA,3.63449038127348,0.724786202180624,5.01456894507454,5.31524912858699e-07,5.31524912858699e-06,TRUE,TreatmentGroup,Plaque,24,Stool,18,up,up,Bacteria,Firmicutes,Bacilli,Lactobacillales,Streptococcaceae,Streptococcus,Streptococcus salivarius
5,GGAATATTGCGCAATGGGGGCAACCCTGACGCAGCCATGCCGCGTGAATGAAGAAGGCCTTCGGGTTGTAAAGTTCTTTCGGTAGCGAGGAAGGCATTTAGTTTAATAGACTAGGTGATTGACGTTAACTACAGAAGAAGCACCGGCTAACTCCGTGCCAGCAGCCGCGGTAATACGGAGGGTGCGAGCGTTAATCGGAATAACTGGGCGTAAAGGGCACGCAGGCGGTGACTTAAGTGAGGTGTGAAAGCCCCGGGCTTAACCTGGGAATTGCATTTCATACTGGGTCGCTAGAGTACTTTAGGGAGGGGTAGAATTCCACGTGTAGCGGTGAAATGCGTAGAGATGTGGAGGAATACCGAAGGCGAAGGCAGCCCCTTGGGAATGTACTGACGCTCATGTGCGAAAGCGTGGGGAGCAAACA,-2.89113545388773,0.629717883275698,-4.59115983628808,4.40789596737836e-06,3.96710637064052e-05,TRUE,TreatmentGroup,Plaque,24,Stool,18,down,down,Bacteria,Proteobacteria,Gammaproteobacteria,Enterobacterales,Pasteurellaceae,Haemophilus,Haemophilus parainfluenzae
6,GGAATCTTCGGCAATGGGGGCAACCCTGACCGAGCAACGCCGCGTGAGTGAAGAAGGTTTTCGGATCGTAAAGCTCTGTTGTAAGAGAAGAACGAGTGTGAGAGTGGAAAGTTCACACTGTGACGGTAACTTACCAGAAAGGGACGGCTAACTACGTGCCAGCAGCCGCGGTAATACGTAGGTCCCGAGCGTTATCCGGATTTATTGGGCGTAAAGCGAGCGCAGGCGGTTAGATAAGTCTGAAGTTAAAGGCTGTGGCTTAACCATAGTACGCTTTGGAAACTGTTTAACTTGAGTGCAGAAGGGGAGAGTGGAATTCCATGTGTAGCGGTGAAATGCGTAGATATATGGAGGAACACCGGTGGCGAAAGCGGCTCTCTGGTCTGTAACTGACGCTGAGGCTCGAAAGCGTGGGGAGCAAACA,2.85092657231021,0.683236365056704,4.17267979006592,3.01037881382526e-05,0.000240830305106021,TRUE,TreatmentGroup,Plaque,24,Stool,18,up,up,Bacteria,Firmicutes,Bacilli,Lactobacillales,Streptococcaceae,Streptococcus,Streptococcus parasanguinis
7,GGAATATTGCACAATGGGCGCAAGCCTGATGCAGCCATGCCGCGTGTATGAAGAAGGCCTTCGGGTTGTAAAGTACTTTCAGCGGGGAGGAAGGGAGTAAAGTTAATACCTTTGCTCATTGACGTTACCCGCAGAAGAAGCACCGGCTAACTCCGTGCCAGCAGCCGCGGTAATACGGAGGGTGCAAGCGTTAATCGGAATTACTGGGCGTAAAGCGCACGCAGGCGGTTTGTTAAGTCAGATGTGAAATCCCCGGGCTCAACCTGGGAACTGCATCTGATACTGGCAAGCTTGAGTCTCGTAGAGGGGGGTAGAATTCCAGGTGTAGCGGTGAAATGCGTAGAGATCTGGAGGAATACCGGTGGCGAAGGCGGCCCCCTGGACGAAGACTGACGCTCAGGTGCGAAAGCGTGGGGAGCAAACA,2.31176481634629,0.584254615330785,3.95677630212206,7.59680088440514e-05,0.00053177606190836,TRUE,TreatmentGroup,Plaque,24,Stool,18,up,up,Bacteria,Proteobacteria,Gammaproteobacteria,Enterobacterales,Enterobacteriaceae,Escherichia-Shigella,Escherichia-Shigella coli
8,AGAATCATTCACAATGGGGGAAACCCTGATGGTGCGACGCCGCGTGGGGGAATGAAGGTCTTCGGATTGTAAACCCCTGTCATGTGGGAGCAAATTAAAAAGATAGTACCACAAGAGGAAGAGACGGCTAACTCTGTGCCAGCAGCCGCGGTAATACAGAGGTCTCAAGCGTTGTTCGGAATCACTGGGCGTAAAGCGTGCGTAGGCTGTTTCGTAAGTCGTGTGTGAAAGGCGCGGGCTCAACCCGCGGACGGCACATGATACTGCGAGACTAGAGTAATGGAGGGGGAACCGGAATTCTCGGTGTAGCAGTGAAATGCGTAGATATCGAGAGGAACACTCGTGGCGAAGGCGGGTTCCTGGACATTAACTGACGCTGAGGCACGAAGGCCAGGGGAGCGAAAG,2.05314948708131,0.600112291646055,3.42127551070434,0.000623281569424826,0.00373968941654896,TRUE,TreatmentGroup,Plaque,24,Stool,18,up,up,Bacteria,Verrucomicrobiota,Verrucomicrobiae,Verrucomicrobiales,Akkermansiaceae,Akkermansia,Akkermansia muciniphila
9,GGAATCTTCCGCAATGGACGAAAGTCTGACGGAGCAACGCCGCGTGAGTGATGACGGCCTTCGGGTTGTAAAGCTCTGTTAATCGGGACGAAAGGCCTTCTTGCGAATAGTTAGAAGGATTGACGGTACCGGAATAGAAAGCCACGGCTAACTACGTGCCAGCAGCCGCGGTAATACGTAGGTGGCAAGCGTTGTCCGGAATTATTGGGCGTAAAGCGCGCGCAGGCGGATCAGTCAGTCTGTCTTAAAAGTTCGGGGCTTAACCCCGTGATGGGATGGAAACTGCTGATCTAGAGTATCGGAGAGGAAAGTGGAATTCCTAGTGTAGCGGTGAAATGCGTAGATATTAGGAAGAACACCAGTGGCGAAGGCGACTTTCTGGACGAAAACTGACGCTGAGGCGCGAAAGCCAGGGGAGCGAACG,-1.73760379861801,0.738020545734182,-2.35441114568083,0.0185520784757229,0.0927603923786144,FALSE,TreatmentGroup,Plaque,24,Stool,18,NS,down,Bacteria,Firmicutes,Negativicutes,Veillonellales-Selenomonadales,Veillonellaceae,Veillonella,Veillonella parvula
10,GGAATCTTCCGCAATGGGCGAAAGCCTGACGGAGCAACGCCGCGTGAGTGATGACGGCCTTCGGGTTGTAAAACTCTGTGATCCGGGACGAAAAGGCAGAGTGCGAAGAACAAACTGCATTGACGGTACCGGAAAAGCAAGCCACGGCTAACTACGTGCCAGCAGCCGCGGTAATACGTAGGTGGCAAGCGTTGTCCGGAATTATTGGGCGTAAAGCGCGCGCAGGCGGCTTCCCAAGTCCCTCTTAAAAGTGCGGGGCTTAACCCCGTGATGGGAAGGAAACTGGGAAGCTGGAGTATCGGAGAGGAAAGTGGAATTCCTAGTGTAGCGGTGAAATGCGTAGAGATTAGGAAGAACACCGGTGGCGAAGGCGACTTTCTGGACGAAAACTGACGCTGAGGCGCGAAAGCGTGGGGAGCAAACA,1.67795796266999,0.770719811375399,2.17713095979143,0.0294707976800238,0.117883190720095,FALSE,TreatmentGroup,Plaque,24,Stool,18,NS,up,Bacteria,Firmicutes,Negativicutes,Veillonellales-Selenomonadales,Veillonellaceae,Dialister,Dialister invisus
11,GGAATCTTCGGCAATGGACGAAAGTCTGACCGAGCAACGCCGCGTGAGTGAAGAAGGTTTTCGGATCGTAAAGCTCTGTTGTAAGTCAAGAACGTGTGTGAGAGTGGAAAGTTCACACAGTGACGGTAGCTTACCAGAAAGGGACGGCTAACTACGTGCCAGCAGCCGCGGTAATACGTAGGTCCCGAGCGTTGTCCGGATTTATTGGGCGTAAAGGGAGCGCAGGCGGTCAGGAAAGTCTGGAGTAAAAGGCTATGGCTCAACCATAGTGTGCTCTGGAAACTGTCTGACTTGAGTGCAGAAGGGGAGAGTGGAATTCCATGTGTAGCGGTGAAATGCGTAGATATATGGAGGAACACCAGTGGCGAAAGCGGCTCTCTGGTCTGTCACTGACGCTGAGGCTCGAAAGCGTGGGTAGCGAACA,-1.11805808685383,0.846365929787071,-1.32101027168604,0.186497939318094,0.559493817954282,FALSE,TreatmentGroup,Plaque,24,Stool,18,NS,NS,Bacteria,Firmicutes,Bacilli,Lactobacillales,Streptococcaceae,Streptococcus,Streptococcus mutans
12,GGAATCTTCCGCAATGGACGAAAGTCTGACGGAGCAACGCCGCGTGAGTGATGACGGCCTTCGGGTTGTAAAGCTCTGTTAATCGGGACGAATGGTTCTTGTGCGAATAGTGCGAGGATTTGACGGTACCGGAATAGAAAGCCACGGCTAACTACGTGCCAGCAGCCGCGGTAATACGTAGGTGGCAAGCGTTGTCCGGAATTATTGGGCGTAAAGCGCGCGCAGGCGGATTGGTCAGTCTGTCTTAAAAGTTCGGGGCTTAACCCCGTGATGGGATGGAAACTGCCAATCTAGAGTATCGGAGAGGAAAGTGGAATTCCTAGTGTAGCGGTGAAATGCGTAGATATTAGGAAGAACACCAGTGGCGAAGGCGACTTTCTGGACGAAAACTGACGCTGAGGCGCGAAAGCCAGGGGAGCGAACG,-0.903030514413949,0.747867976592536,-1.20747316729401,0.227249972649149,0.559493817954282,FALSE,TreatmentGroup,Plaque,24,Stool,18,NS,NS,Bacteria,Firmicutes,Negativicutes,Veillonellales-Selenomonadales,Veillonellaceae,Veillonella,Veillonella atypica
13,GGAATCTTCCGCAATGGACGAAAGTCTGACGGAGCAACGCCGCGTGAGTGATGACGGCCTTCGGGTTGTAAAGCTCTGTTAATCGGGACGAAAGGCCTTCTTGCGAATAGTTAGAAGGATTGACGGTACCGGAATAGAAAGCCACGGCTAACTACGTGCCAGCAGCCGCGGTAATACGTAGGTGGCAAGCGTTGTCCGGAATTATTGGGCGTAAAGCGCGCGCAGGCGGATTGGTCAGTCTGTCTTAAAAGTTCGGGGCTTAACCCCGTGATGGGATGGAAACTGCCAATCTAGAGTATCGGAGAGGAAAGTGGAATTCCTAGTGTAGCGGTGAAATGCGTAGATATTAGGAAGAACACCAGTGGCGAAGGCGACTTTCTGGACGAAAACTGACGCTGAGGCGCGAAAGCCAGGGGAGCGAACG,-0.863426006658124,0.71981268714075,-1.19951484890859,0.230327814446745,0.559493817954282,FALSE,TreatmentGroup,Plaque,24,Stool,18,NS,NS,Bacteria,Firmicutes,Negativicutes,Veillonellales-Selenomonadales,Veillonellaceae,Veillonella,Veillonella dispar
